{"v":"5.5.7","meta":{"g":"LottieFiles AE 0.1.20","a":"","k":"","d":"","tc":""},"fr":29.9700012207031,"ip":0,"op":90.0000036657751,"w":1125,"h":988,"nm":"droplet","ddd":0,"assets":[],"layers":[{"ddd":0,"ind":1,"ty":4,"nm":"Layer 2 Outlines","sr":1,"ks":{"o":{"a":0,"k":100,"ix":11},"r":{"a":1,"k":[{"i":{"x":[0.833],"y":[0.833]},"o":{"x":[0.167],"y":[0.167]},"t":0,"s":[12254]},{"i":{"x":[0.833],"y":[0.833]},"o":{"x":[0.167],"y":[0.167]},"t":30,"s":[12218.281]},{"i":{"x":[0.833],"y":[0.833]},"o":{"x":[0.167],"y":[0.167]},"t":60,"s":[12259.325]},{"t":89.0000036250443,"s":[12240]}],"ix":10},"p":{"a":0,"k":[651,654,0],"ix":2},"a":{"a":0,"k":[651,654,0],"ix":1},"s":{"a":0,"k":[100,100,100],"ix":6}},"ao":0,"shapes":[{"ty":"gr","it":[{"ind":0,"ty":"sh","ix":1,"ks":{"a":0,"k":{"i":[[0,0],[-14,97]],"o":[[0,0],[0,0]],"v":[[-45.5,53.5],[45.5,-53.5]],"c":false},"ix":2},"nm":"Path 1","mn":"ADBE Vector Shape - Group","hd":false},{"ty":"st","c":{"a":0,"k":[1,1,1,1],"ix":3},"o":{"a":0,"k":100,"ix":4},"w":{"a":0,"k":29,"ix":5},"lc":2,"lj":1,"ml":10,"bm":0,"nm":"Stroke 1","mn":"ADBE Vector Graphic - Stroke","hd":false},{"ty":"tr","p":{"a":0,"k":[696.5,707.5],"ix":2},"a":{"a":0,"k":[0,0],"ix":1},"s":{"a":0,"k":[100,100],"ix":3},"r":{"a":0,"k":0,"ix":6},"o":{"a":0,"k":100,"ix":7},"sk":{"a":0,"k":0,"ix":4},"sa":{"a":0,"k":0,"ix":5},"nm":"Transform"}],"nm":"Group 1","np":2,"cix":2,"bm":0,"ix":1,"mn":"ADBE Vector Group","hd":false},{"ty":"tm","s":{"a":1,"k":[{"i":{"x":[0.667],"y":[1]},"o":{"x":[0.56],"y":[0]},"t":0,"s":[100]},{"i":{"x":[0.378],"y":[1]},"o":{"x":[0.416],"y":[0]},"t":30,"s":[5]},{"i":{"x":[0.481],"y":[1]},"o":{"x":[0.428],"y":[0]},"t":60,"s":[100]},{"t":89.0000036250443,"s":[0]}],"ix":1},"e":{"a":0,"k":100,"ix":2},"o":{"a":0,"k":0,"ix":3},"m":1,"ix":2,"nm":"Trim Paths 1","mn":"ADBE Vector Filter - Trim","hd":false}],"ip":0,"op":91.000003706506,"st":0,"bm":0},{"ddd":0,"ind":2,"ty":4,"nm":"Layer 1 Outlines","sr":1,"ks":{"o":{"a":0,"k":100,"ix":11},"r":{"a":0,"k":0,"ix":10},"p":{"a":0,"k":[562.5,494,0],"ix":2},"a":{"a":0,"k":[562.5,494,0],"ix":1},"s":{"a":0,"k":[100,100,100],"ix":6}},"ao":0,"shapes":[{"ty":"gr","it":[{"ind":0,"ty":"sh","ix":1,"ks":{"a":1,"k":[{"i":{"x":0,"y":1},"o":{"x":0.333,"y":0},"t":0,"s":[{"i":[[88.16,171.09],[1.22,1.82],[-16.85,-130.65],[-108.989,-9.66],[0,119.11]],"o":[[-1.25,-1.8],[-64.21,183.76],[14.59,113.13],[114.17,-17.63],[0,-129.94]],"v":[[-18.179,-339.185],[-21.889,-344.605],[-199.909,137.475],[15.18,344.605],[216.76,109.185]],"c":true}]},{"i":{"x":0,"y":1},"o":{"x":0.333,"y":0},"t":30,"s":[{"i":[[88.16,171.09],[1.22,1.82],[-16.85,-130.65],[-108.989,-9.66],[0,119.11]],"o":[[-1.25,-1.8],[-64.21,183.76],[14.59,113.13],[114.17,-17.63],[0,-129.94]],"v":[[-118.179,-319.185],[-121.889,-324.605],[-199.909,137.475],[15.18,344.605],[216.76,109.185]],"c":true}]},{"i":{"x":0.833,"y":0.833},"o":{"x":0.333,"y":0},"t":57,"s":[{"i":[[88.16,171.09],[1.22,1.82],[-16.85,-130.65],[-108.989,-9.66],[0,119.11]],"o":[[-1.25,-1.8],[-64.21,183.76],[14.59,113.13],[114.17,-17.63],[0,-129.94]],"v":[[62.431,-346.982],[58.721,-352.402],[-199.909,137.475],[15.18,344.605],[216.76,109.185]],"c":true}]},{"i":{"x":0.833,"y":0.833},"o":{"x":0.167,"y":0.167},"t":73,"s":[{"i":[[88.16,171.09],[1.22,1.82],[-16.85,-130.65],[-108.989,-9.66],[0,119.11]],"o":[[-1.25,-1.8],[-64.21,183.76],[14.59,113.13],[114.17,-17.63],[0,-129.94]],"v":[[-91.506,-332.217],[-95.216,-337.637],[-199.909,137.475],[15.18,344.605],[216.76,109.185]],"c":true}]},{"i":{"x":0.833,"y":0.833},"o":{"x":0.167,"y":0.167},"t":76,"s":[{"i":[[88.16,171.09],[1.22,1.82],[-16.85,-130.65],[-108.989,-9.66],[0,119.11]],"o":[[-1.25,-1.8],[-64.21,183.76],[14.59,113.13],[114.17,-17.63],[0,-129.94]],"v":[[21.74,-344.137],[18.03,-349.557],[-199.909,137.475],[15.18,344.605],[216.76,109.185]],"c":true}]},{"i":{"x":0,"y":1},"o":{"x":0.167,"y":0.167},"t":79,"s":[{"i":[[88.16,171.09],[1.22,1.82],[-16.85,-130.65],[-108.989,-9.66],[0,119.11]],"o":[[-1.25,-1.8],[-64.21,183.76],[14.59,113.13],[114.17,-17.63],[0,-129.94]],"v":[[-91.506,-332.217],[-95.216,-337.637],[-199.909,137.475],[15.18,344.605],[216.76,109.185]],"c":true}]},{"t":89.0000036250443,"s":[{"i":[[88.16,171.09],[1.22,1.82],[-16.85,-130.65],[-108.989,-9.66],[0,119.11]],"o":[[-1.25,-1.8],[-64.21,183.76],[14.59,113.13],[114.17,-17.63],[0,-129.94]],"v":[[-18.179,-339.185],[-21.889,-344.605],[-199.909,137.475],[15.18,344.605],[216.76,109.185]],"c":true}]}],"ix":2},"nm":"Path 1","mn":"ADBE Vector Shape - Group","hd":false},{"ty":"fl","c":{"a":0,"k":[0.23529411764705882,0.5725490196078431,0.8196078431372549,1],"ix":4},"o":{"a":0,"k":100,"ix":5},"r":1,"bm":0,"nm":"Fill 1","mn":"ADBE Vector Graphic - Fill","hd":false},{"ty":"tr","p":{"a":0,"k":[583.96,493.595],"ix":2},"a":{"a":0,"k":[0,0],"ix":1},"s":{"a":0,"k":[100,100],"ix":3},"r":{"a":0,"k":0,"ix":6},"o":{"a":0,"k":100,"ix":7},"sk":{"a":0,"k":0,"ix":4},"sa":{"a":0,"k":0,"ix":5},"nm":"Transform"}],"nm":"Group 1","np":2,"cix":2,"bm":0,"ix":1,"mn":"ADBE Vector Group","hd":false},{"ty":"gr","it":[{"ind":0,"ty":"sh","ix":1,"ks":{"a":1,"k":[{"i":{"x":0,"y":1},"o":{"x":0.333,"y":0},"t":0,"s":[{"i":[[14.59,113.13],[-64.21,183.76],[-1.25,-1.8],[0.06,0.11],[1.02,2.03],[0,-131.56],[-131.56,0],[-11.89,1.82],[-0.06,0.01]],"o":[[-16.85,-130.65],[1.22,1.82],[-0.06,-0.11],[-1.04,-2.02],[-87.19,173.82],[0,131.57],[12.401,0],[0.06,-0.01],[-108.99,-9.66]],"v":[[-77.66,136.57],[100.36,-345.51],[104.07,-340.09],[103.89,-340.43],[100.79,-346.5],[-137.43,108.28],[100.79,346.5],[137.26,343.73],[137.43,343.7]],"c":true}]},{"i":{"x":0,"y":1},"o":{"x":0.333,"y":0},"t":30,"s":[{"i":[[14.59,113.13],[-64.21,183.76],[-1.25,-1.8],[0.06,0.11],[1.02,2.03],[0,-131.56],[-131.56,0],[-11.89,1.82],[-0.06,0.01]],"o":[[-16.85,-130.65],[1.22,1.82],[-0.06,-0.11],[-1.04,-2.02],[-87.19,173.82],[0,131.57],[12.401,0],[0.06,-0.01],[-108.99,-9.66]],"v":[[-77.66,136.57],[-0.14,-323.01],[3.57,-317.59],[3.39,-317.93],[0.29,-324],[-137.43,108.28],[100.79,346.5],[137.26,343.73],[137.43,343.7]],"c":true}]},{"i":{"x":0.833,"y":0.833},"o":{"x":0.333,"y":0},"t":57,"s":[{"i":[[14.59,113.13],[-64.21,183.76],[-1.25,-1.8],[0.06,0.11],[1.02,2.03],[0,-131.56],[-131.56,0],[-11.89,1.82],[-0.06,0.01]],"o":[[-16.85,-130.65],[1.22,1.82],[-0.06,-0.11],[-1.04,-2.02],[-87.19,173.82],[0,131.57],[12.401,0],[0.06,-0.01],[-108.99,-9.66]],"v":[[-77.66,136.57],[181.699,-352.951],[185.409,-347.531],[185.229,-347.871],[182.129,-353.941],[-137.43,108.28],[100.79,346.5],[137.26,343.73],[137.43,343.7]],"c":true}]},{"i":{"x":0.833,"y":0.833},"o":{"x":0.167,"y":0.167},"t":73,"s":[{"i":[[14.59,113.13],[-64.21,183.76],[-1.25,-1.8],[0.06,0.11],[1.02,2.03],[0,-131.56],[-131.56,0],[-11.89,1.82],[-0.06,0.01]],"o":[[-16.85,-130.65],[1.22,1.82],[-0.06,-0.11],[-1.04,-2.02],[-87.19,173.82],[0,131.57],[12.401,0],[0.06,-0.01],[-108.99,-9.66]],"v":[[-77.66,136.57],[27.13,-338.495],[30.84,-333.075],[30.66,-333.415],[27.56,-339.485],[-137.43,108.28],[100.79,346.5],[137.26,343.73],[137.43,343.7]],"c":true}]},{"i":{"x":0.833,"y":0.833},"o":{"x":0.167,"y":0.167},"t":76,"s":[{"i":[[14.59,113.13],[-64.21,183.76],[-1.25,-1.8],[0.06,0.11],[1.02,2.03],[0,-131.56],[-131.56,0],[-11.89,1.82],[-0.06,0.01]],"o":[[-16.85,-130.65],[1.22,1.82],[-0.06,-0.11],[-1.04,-2.02],[-87.19,173.82],[0,131.57],[12.401,0],[0.06,-0.01],[-108.99,-9.66]],"v":[[-77.66,136.57],[140.322,-350.441],[144.032,-345.021],[143.852,-345.361],[140.752,-351.431],[-137.43,108.28],[100.79,346.5],[137.26,343.73],[137.43,343.7]],"c":true}]},{"i":{"x":0,"y":1},"o":{"x":0.167,"y":0.167},"t":79,"s":[{"i":[[14.59,113.13],[-64.21,183.76],[-1.25,-1.8],[0.06,0.11],[1.02,2.03],[0,-131.56],[-131.56,0],[-11.89,1.82],[-0.06,0.01]],"o":[[-16.85,-130.65],[1.22,1.82],[-0.06,-0.11],[-1.04,-2.02],[-87.19,173.82],[0,131.57],[12.401,0],[0.06,-0.01],[-108.99,-9.66]],"v":[[-77.66,136.57],[27.13,-338.495],[30.84,-333.075],[30.66,-333.415],[27.56,-339.485],[-137.43,108.28],[100.79,346.5],[137.26,343.73],[137.43,343.7]],"c":true}]},{"t":89.0000036250443,"s":[{"i":[[14.59,113.13],[-64.21,183.76],[-1.25,-1.8],[0.06,0.11],[1.02,2.03],[0,-131.56],[-131.56,0],[-11.89,1.82],[-0.06,0.01]],"o":[[-16.85,-130.65],[1.22,1.82],[-0.06,-0.11],[-1.04,-2.02],[-87.19,173.82],[0,131.57],[12.401,0],[0.06,-0.01],[-108.99,-9.66]],"v":[[-77.66,136.57],[100.36,-345.51],[104.07,-340.09],[103.89,-340.43],[100.79,-346.5],[-137.43,108.28],[100.79,346.5],[137.26,343.73],[137.43,343.7]],"c":true}]}],"ix":2},"nm":"Path 1","mn":"ADBE Vector Shape - Group","hd":false},{"ty":"fl","c":{"a":0,"k":[0.3215686274509804,0.6078431372549019,0.8196078431372549,1],"ix":4},"o":{"a":0,"k":100,"ix":5},"r":1,"bm":0,"nm":"Fill 1","mn":"ADBE Vector Graphic - Fill","hd":false},{"ty":"tr","p":{"a":0,"k":[461.71,494.5],"ix":2},"a":{"a":0,"k":[0,0],"ix":1},"s":{"a":0,"k":[100,100],"ix":3},"r":{"a":0,"k":0,"ix":6},"o":{"a":0,"k":100,"ix":7},"sk":{"a":0,"k":0,"ix":4},"sa":{"a":0,"k":0,"ix":5},"nm":"Transform"}],"nm":"Group 2","np":2,"cix":2,"bm":0,"ix":2,"mn":"ADBE Vector Group","hd":false}],"ip":0,"op":90.0000036657751,"st":0,"bm":0}],"markers":[]}