{"v":"5.7.4","fr":25,"ip":0,"op":75,"w":260,"h":260,"nm":"notification-200px","ddd":0,"assets":[{"id":"comp_0","layers":[{"ddd":0,"ind":1,"ty":5,"nm":"1","sr":1,"ks":{"o":{"a":0,"k":100,"ix":11},"r":{"a":0,"k":0,"ix":10},"p":{"a":0,"k":[179.75,89.75,0],"ix":2,"l":2},"a":{"a":0,"k":[-0.5,-17.5,0],"ix":1,"l":2},"s":{"a":1,"k":[{"i":{"x":[0.667,0.667,0.667],"y":[1,1,1]},"o":{"x":[0.6,0.6,0.333],"y":[0,0,0]},"t":6,"s":[0,0,100]},{"i":{"x":[0.833,0.833,0.833],"y":[1,1,1]},"o":{"x":[0.167,0.167,0.167],"y":[0,0,0]},"t":9.667,"s":[100,100,100]},{"i":{"x":[0.833,0.833,0.833],"y":[1,1,1]},"o":{"x":[0.167,0.167,0.167],"y":[0,0,0]},"t":13,"s":[100,100,100]},{"i":{"x":[0.833,0.833,0.833],"y":[1,1,1]},"o":{"x":[0.167,0.167,0.167],"y":[0,0,0]},"t":15.5,"s":[120,120,100]},{"i":{"x":[0.833,0.833,0.833],"y":[1,1,1]},"o":{"x":[0.167,0.167,0.167],"y":[0,0,0]},"t":18,"s":[100,100,100]},{"i":{"x":[0.833,0.833,0.833],"y":[1,1,1]},"o":{"x":[0.167,0.167,0.167],"y":[0,0,0]},"t":44,"s":[100,100,100]},{"i":{"x":[0.833,0.833,0.833],"y":[1,1,1]},"o":{"x":[0.167,0.167,0.167],"y":[0,0,0]},"t":46,"s":[120,120,100]},{"t":50,"s":[0,0,100]}],"ix":6,"l":2}},"ao":0,"t":{"d":{"k":[{"s":{"s":50,"f":"OpenSans-Bold","t":"1","j":2,"tr":0,"lh":60,"ls":0,"fc":[1,1,1]},"t":0}]},"p":{},"m":{"g":1,"a":{"a":0,"k":[0,0],"ix":2}},"a":[]},"ip":6,"op":73,"st":6,"bm":0},{"ddd":0,"ind":2,"ty":4,"nm":"circle","sr":1,"ks":{"o":{"a":0,"k":100,"ix":11},"r":{"a":0,"k":0,"ix":10},"p":{"a":0,"k":[180.75,89.75,0],"ix":2,"l":2},"a":{"a":0,"k":[52,-43,0],"ix":1,"l":2},"s":{"a":1,"k":[{"i":{"x":[0.667,0.667,0.667],"y":[1,1,1]},"o":{"x":[0.6,0.6,0.333],"y":[0,0,0]},"t":0,"s":[0,0,100]},{"i":{"x":[0.667,0.667,0.667],"y":[1,1,1]},"o":{"x":[0.167,0.167,0.167],"y":[0.167,0.167,1.515]},"t":3.667,"s":[100,100,100]},{"i":{"x":[0.4,0.4,0.667],"y":[1,1,1]},"o":{"x":[0.333,0.333,0.333],"y":[0,0,0]},"t":7.333,"s":[120,120,100]},{"i":{"x":[0.833,0.833,0.833],"y":[1,1,1]},"o":{"x":[0,0,0.167],"y":[0,0,0]},"t":11,"s":[100,100,100]},{"i":{"x":[0.833,0.833,0.833],"y":[1,1,1]},"o":{"x":[0.167,0.167,0.167],"y":[0,0,0]},"t":13,"s":[100,100,100]},{"i":{"x":[0.833,0.833,0.833],"y":[1,1,1]},"o":{"x":[0.167,0.167,0.167],"y":[0,0,0]},"t":15.5,"s":[120,120,100]},{"i":{"x":[0.833,0.833,0.833],"y":[1,1,1]},"o":{"x":[0.167,0.167,0.167],"y":[0,0,0]},"t":18,"s":[100,100,100]},{"i":{"x":[0.833,0.833,0.833],"y":[1,1,1]},"o":{"x":[0.167,0.167,0.167],"y":[0,0,0]},"t":44,"s":[100,100,100]},{"i":{"x":[0.833,0.833,0.833],"y":[1,1,1]},"o":{"x":[0.167,0.167,0.167],"y":[0,0,0]},"t":46,"s":[120,120,100]},{"t":50,"s":[0,0,100]}],"ix":6,"l":2}},"ao":0,"shapes":[{"ty":"gr","it":[{"d":1,"ty":"el","s":{"a":0,"k":[76,76],"ix":2},"p":{"a":0,"k":[0,0],"ix":3},"nm":"Tracé d'ellipse 1","mn":"ADBE Vector Shape - Ellipse","hd":false},{"ty":"fl","c":{"a":0,"k":[0.901960784314,0.042445212719,0.386251442105,1],"ix":4},"o":{"a":0,"k":100,"ix":5},"r":1,"bm":0,"nm":"Fond 1","mn":"ADBE Vector Graphic - Fill","hd":false},{"ty":"tr","p":{"a":0,"k":[52,-43],"ix":2},"a":{"a":0,"k":[0,0],"ix":1},"s":{"a":0,"k":[100,100],"ix":3},"r":{"a":0,"k":0,"ix":6},"o":{"a":0,"k":100,"ix":7},"sk":{"a":0,"k":0,"ix":4},"sa":{"a":0,"k":0,"ix":5},"nm":"Transformer "}],"nm":"Ellipse 1","np":3,"cix":2,"bm":0,"ix":1,"mn":"ADBE Vector Group","hd":false}],"ip":0,"op":67,"st":0,"bm":0}]},{"id":"comp_1","layers":[{"ddd":0,"ind":1,"ty":3,"nm":"Nul 1","sr":1,"ks":{"o":{"a":0,"k":0,"ix":11},"r":{"a":1,"k":[{"i":{"x":[0.4],"y":[1]},"o":{"x":[0.6],"y":[0]},"t":1,"s":[0]},{"i":{"x":[0.833],"y":[0.833]},"o":{"x":[0],"y":[0]},"t":7.111,"s":[20]},{"i":{"x":[0.4],"y":[1]},"o":{"x":[0.167],"y":[0.167]},"t":10.167,"s":[0]},{"i":{"x":[0.4],"y":[1]},"o":{"x":[0.6],"y":[0]},"t":16.278,"s":[-20]},{"i":{"x":[0.5],"y":[1]},"o":{"x":[0.167],"y":[0]},"t":22.391,"s":[0]},{"i":{"x":[0.4],"y":[1]},"o":{"x":[0.5],"y":[0]},"t":26.412,"s":[6]},{"t":31.1171875,"s":[0]}],"ix":10},"p":{"a":0,"k":[130,130,0],"ix":2,"l":2},"a":{"a":0,"k":[50,50,0],"ix":1,"l":2},"s":{"a":0,"k":[99,99,100],"ix":6,"l":2}},"ao":0,"ip":0,"op":142,"st":0,"bm":0},{"ddd":0,"ind":2,"ty":4,"nm":"body Silhouettes","parent":1,"sr":1,"ks":{"o":{"a":0,"k":100,"ix":11},"r":{"a":0,"k":0,"ix":10},"p":{"a":0,"k":[49.667,39.333,0],"ix":2,"l":2},"a":{"a":0,"k":[80.25,80.25,0],"ix":1,"l":2},"s":{"a":0,"k":[100,100,100],"ix":6,"l":2}},"ao":0,"shapes":[{"ty":"gr","it":[{"ind":0,"ty":"sh","ix":1,"ks":{"a":0,"k":{"i":[[0,-1.077],[9.204,0],[0,0],[0,9.204],[0.208,1.092],[0.039,0.166],[0,7.201],[0,0],[25.124,4.315],[-3.1,0],[0,-29.456],[0,0],[-3.394,-15.667],[-0.033,-0.167]],"o":[[0,9.204],[0,0],[9.205,0],[0,-1.077],[-0.033,-0.167],[-3.394,-15.667],[0,0],[0,-26.355],[2.955,-0.508],[29.455,0],[0,0],[0,7.201],[0.039,0.166],[0.208,1.092]],"v":[[44.537,53.333],[27.87,70],[9.722,70],[26.389,53.333],[26.06,50.078],[25.93,49.588],[-0.278,9.999],[-0.278,-16.667],[-44.537,-69.172],[-35.463,-70],[17.87,-16.667],[17.87,9.999],[44.078,49.588],[44.209,50.078]],"c":true},"ix":2},"nm":"Tracé 1","mn":"ADBE Vector Shape - Group","hd":false},{"ty":"fl","c":{"a":0,"k":[0.87450986376,0.6,0.125490196078,1],"ix":4},"o":{"a":0,"k":100,"ix":5},"r":1,"bm":0,"nm":"Fond 1","mn":"ADBE Vector Graphic - Fill","hd":false},{"ty":"tr","p":{"a":0,"k":[115.713,90.25],"ix":2},"a":{"a":0,"k":[0,0],"ix":1},"s":{"a":0,"k":[100,100],"ix":3},"r":{"a":0,"k":0,"ix":6},"o":{"a":0,"k":100,"ix":7},"sk":{"a":0,"k":0,"ix":4},"sa":{"a":0,"k":0,"ix":5},"nm":"Transformer "}],"nm":"Groupe 1","np":2,"cix":2,"bm":0,"ix":1,"mn":"ADBE Vector Group","hd":false},{"ty":"gr","it":[{"ind":0,"ty":"sh","ix":1,"ks":{"a":0,"k":{"i":[[0.208,1.092],[0.039,0.166],[0,7.201],[0,0],[29.455,0],[0,-29.455],[0,0],[3.394,-15.667],[0.033,-0.167],[0,-1.077],[-9.205,0],[0,0],[0,9.204]],"o":[[-0.033,-0.167],[-3.393,-15.667],[0,0],[0,-29.455],[-29.455,0],[0,0],[0,7.201],[-0.038,0.166],[-0.209,1.092],[0,9.204],[0,0],[9.204,0],[0,-1.077]],"v":[[79.672,50.078],[79.541,49.588],[53.333,10],[53.333,-16.667],[0,-70],[-53.333,-16.667],[-53.333,10],[-79.542,49.588],[-79.672,50.078],[-80,53.334],[-63.333,70],[63.333,70],[80,53.334]],"c":true},"ix":2},"nm":"Tracé 1","mn":"ADBE Vector Shape - Group","hd":false},{"ty":"fl","c":{"a":0,"k":[0.914689307119,0.758294737573,0.111814641018,1],"ix":4},"o":{"a":0,"k":100,"ix":5},"r":1,"bm":0,"nm":"Fond 1","mn":"ADBE Vector Graphic - Fill","hd":false},{"ty":"tr","p":{"a":0,"k":[80.25,90.25],"ix":2},"a":{"a":0,"k":[0,0],"ix":1},"s":{"a":0,"k":[100,100],"ix":3},"r":{"a":0,"k":0,"ix":6},"o":{"a":0,"k":100,"ix":7},"sk":{"a":0,"k":0,"ix":4},"sa":{"a":0,"k":0,"ix":5},"nm":"Transformer "}],"nm":"Groupe 2","np":2,"cix":2,"bm":0,"ix":2,"mn":"ADBE Vector Group","hd":false},{"ty":"gr","it":[{"ind":0,"ty":"sh","ix":1,"ks":{"a":0,"k":{"i":[[-7.364,0],[0,0],[0,-7.364],[0,0],[7.364,0],[0,7.364],[0,0]],"o":[[0,0],[7.364,0],[0,0],[0,7.364],[-7.364,0],[0,0],[0,-7.364]],"v":[[0,-16.667],[0,-16.667],[13.333,-3.333],[13.333,3.333],[0,16.667],[-13.333,3.333],[-13.333,-3.333]],"c":true},"ix":2},"nm":"Tracé 1","mn":"ADBE Vector Shape - Group","hd":false},{"ty":"fl","c":{"a":0,"k":[0.873935415231,0.601892209521,0.126113682167,1],"ix":4},"o":{"a":0,"k":100,"ix":5},"r":1,"bm":0,"nm":"Fond 1","mn":"ADBE Vector Graphic - Fill","hd":false},{"ty":"tr","p":{"a":0,"k":[80.25,16.917],"ix":2},"a":{"a":0,"k":[0,0],"ix":1},"s":{"a":0,"k":[100,100],"ix":3},"r":{"a":0,"k":0,"ix":6},"o":{"a":0,"k":100,"ix":7},"sk":{"a":0,"k":0,"ix":4},"sa":{"a":0,"k":0,"ix":5},"nm":"Transformer "}],"nm":"Groupe 3","np":2,"cix":2,"bm":0,"ix":3,"mn":"ADBE Vector Group","hd":false}],"ip":0,"op":142,"st":0,"bm":0},{"ddd":0,"ind":3,"ty":4,"nm":"bottom Silhouettes","parent":1,"sr":1,"ks":{"o":{"a":0,"k":100,"ix":11},"r":{"a":0,"k":0,"ix":10},"p":{"a":1,"k":[{"i":{"x":0.667,"y":1},"o":{"x":0.333,"y":0},"t":3.139,"s":[49.667,109.333,0],"to":[3.333,0,0],"ti":[-3.333,0,0]},{"i":{"x":0.667,"y":0.667},"o":{"x":0.167,"y":0.167},"t":9.556,"s":[69.666,109.333,0],"to":[0,0,0],"ti":[0,0,0]},{"i":{"x":0.833,"y":0.833},"o":{"x":0.333,"y":0},"t":10.982,"s":[69.666,109.333,0],"to":[-8.333,0,0],"ti":[2.167,0,0]},{"i":{"x":0.667,"y":1},"o":{"x":0.333,"y":0},"t":20.765,"s":[19.666,109.333,0],"to":[-2.167,0,0],"ti":[-6.167,0,0]},{"i":{"x":0.667,"y":0.667},"o":{"x":0.167,"y":0.167},"t":24.329,"s":[56.667,109.333,0],"to":[0,0,0],"ti":[0,0,0]},{"i":{"x":0.833,"y":0.833},"o":{"x":0.167,"y":0.167},"t":26,"s":[56.667,109.333,0],"to":[-1.167,0,0],"ti":[2.167,0,0]},{"i":{"x":0.667,"y":1},"o":{"x":0.167,"y":0},"t":27.353,"s":[49.667,109.333,0],"to":[-2.167,0,0],"ti":[0,0,0]},{"i":{"x":0.4,"y":0.4},"o":{"x":0.167,"y":0},"t":30.177,"s":[43.667,109.333,0],"to":[0,0,0],"ti":[-1,0,0]},{"t":33,"s":[49.667,109.333,0]}],"ix":2,"l":2},"a":{"a":0,"k":[20.25,30.25,0],"ix":1,"l":2},"s":{"a":0,"k":[97,97,100],"ix":6,"l":2}},"ao":0,"shapes":[{"ty":"gr","it":[{"ind":0,"ty":"sh","ix":1,"ks":{"a":0,"k":{"i":[[-11.045,0],[0,0],[0,-11.045],[0,0],[11.045,0],[0,11.046],[0,0]],"o":[[0,0],[11.045,0],[0,0],[0,11.046],[-11.045,0],[0,0],[0,-11.045]],"v":[[0,-30],[0,-30],[20,-10],[20,10],[0,30],[-20,10],[-20,-10]],"c":true},"ix":2},"nm":"Tracé 1","mn":"ADBE Vector Shape - Group","hd":false},{"ty":"fl","c":{"a":0,"k":[0.8,0.50502427045,0.122352936689,1],"ix":4},"o":{"a":0,"k":100,"ix":5},"r":1,"bm":0,"nm":"Fond 1","mn":"ADBE Vector Graphic - Fill","hd":false},{"ty":"tr","p":{"a":0,"k":[20.25,30.25],"ix":2},"a":{"a":0,"k":[0,0],"ix":1},"s":{"a":0,"k":[100,100],"ix":3},"r":{"a":0,"k":0,"ix":6},"o":{"a":0,"k":100,"ix":7},"sk":{"a":0,"k":0,"ix":4},"sa":{"a":0,"k":0,"ix":5},"nm":"Transformer "}],"nm":"Groupe 1","np":2,"cix":2,"bm":0,"ix":1,"mn":"ADBE Vector Group","hd":false}],"ip":0,"op":142,"st":0,"bm":0}]}],"fonts":{"list":[{"fName":"OpenSans-Bold","fFamily":"Open Sans","fStyle":"Bold","ascent":75.9994506835938}]},"layers":[{"ddd":0,"ind":1,"ty":0,"nm":"number","refId":"comp_0","sr":1,"ks":{"o":{"a":0,"k":100,"ix":11},"r":{"a":0,"k":0,"ix":10},"p":{"a":0,"k":[130,130,0],"ix":2,"l":2},"a":{"a":0,"k":[130,130,0],"ix":1,"l":2},"s":{"a":0,"k":[100,100,100],"ix":6,"l":2}},"ao":0,"w":260,"h":260,"ip":18,"op":85,"st":18,"bm":0},{"ddd":0,"ind":2,"ty":0,"nm":"bell","refId":"comp_1","sr":1,"ks":{"o":{"a":0,"k":100,"ix":11},"r":{"a":0,"k":0,"ix":10},"p":{"a":0,"k":[130,130,0],"ix":2,"l":2},"a":{"a":0,"k":[130,130,0],"ix":1,"l":2},"s":{"a":0,"k":[100,100,100],"ix":6,"l":2}},"ao":0,"w":260,"h":260,"ip":0,"op":142,"st":0,"bm":0}],"markers":[],"chars":[{"ch":"1","size":50,"style":"Bold","w":57.08,"data":{"shapes":[{"ty":"gr","it":[{"ind":0,"ty":"sh","ix":1,"ks":{"a":0,"k":{"i":[[0,0],[0,0],[0,0],[0,0],[0,0],[-2.507,2.507],[0,0],[0,0],[0,0],[0,0]],"o":[[0,0],[0,0],[0,0],[0,0],[0.977,-0.781],[0,0],[0,0],[0,0],[0,0],[0,0]],"v":[[41.309,-71.387],[28.906,-71.387],[5.908,-53.076],[13.184,-43.994],[21.387,-50.586],[26.611,-55.518],[26.367,-48.096],[26.221,-41.309],[26.221,0],[41.309,0]],"c":true},"ix":2},"nm":"1","mn":"ADBE Vector Shape - Group","hd":false}],"nm":"1","np":3,"cix":2,"bm":0,"ix":1,"mn":"ADBE Vector Group","hd":false}]},"fFamily":"Open Sans"}]}