{"v":"4.8.0","meta":{"g":"LottieFiles AE 1.1.0","a":"","k":"","d":"","tc":""},"fr":60,"ip":0,"op":120,"w":1920,"h":1920,"nm":"drop-load","ddd":0,"assets":[],"layers":[{"ddd":0,"ind":1,"ty":4,"nm":"circle foreground","sr":1,"ks":{"o":{"a":0,"k":100,"ix":11},"r":{"a":0,"k":0,"ix":10},"p":{"a":0,"k":[960,960,0],"ix":2},"a":{"a":0,"k":[0,0,0],"ix":1},"s":{"a":0,"k":[100,100,100],"ix":6}},"ao":0,"shapes":[{"d":1,"ty":"el","s":{"a":0,"k":[1796,1796],"ix":2},"p":{"a":0,"k":[0,0],"ix":3},"nm":"Ellipse Path 1","mn":"ADBE Vector Shape - Ellipse","hd":false},{"ty":"tm","s":{"a":1,"k":[{"i":{"x":[0.099],"y":[1]},"o":{"x":[0.333],"y":[0]},"t":41.969,"s":[50]},{"t":74,"s":[0]}],"ix":1},"e":{"a":1,"k":[{"i":{"x":[0.099],"y":[1]},"o":{"x":[0.333],"y":[0]},"t":41.969,"s":[50]},{"t":74,"s":[100]}],"ix":2},"o":{"a":0,"k":0,"ix":3},"m":1,"ix":2,"nm":"Trim Paths 1","mn":"ADBE Vector Filter - Trim","hd":false},{"ty":"tm","s":{"a":1,"k":[{"i":{"x":[0.118],"y":[1]},"o":{"x":[0.333],"y":[0]},"t":67.994,"s":[100]},{"t":118,"s":[50]}],"ix":1},"e":{"a":1,"k":[{"i":{"x":[0.118],"y":[1]},"o":{"x":[0.333],"y":[0]},"t":67.994,"s":[0]},{"t":118,"s":[50]}],"ix":2},"o":{"a":0,"k":180,"ix":3},"m":1,"ix":3,"nm":"Trim Paths 2","mn":"ADBE Vector Filter - Trim","hd":false},{"ty":"st","c":{"a":0,"k":[0.086274509804,0.078431372549,0.207843137255,1],"ix":3},"o":{"a":0,"k":100,"ix":4},"w":{"a":1,"k":[{"i":{"x":[0.833],"y":[0.833]},"o":{"x":[0.167],"y":[0.167]},"t":108,"s":[103]},{"t":118,"s":[0]}],"ix":5},"lc":2,"lj":1,"ml":4,"bm":0,"nm":"Stroke 1","mn":"ADBE Vector Graphic - Stroke","hd":false}],"ip":0,"op":1801.8018018018,"st":0,"bm":0},{"ddd":0,"ind":2,"ty":4,"nm":"circle background","sr":1,"ks":{"o":{"a":0,"k":100,"ix":11},"r":{"a":0,"k":0,"ix":10},"p":{"a":0,"k":[960,960,0],"ix":2},"a":{"a":0,"k":[0,0,0],"ix":1},"s":{"a":0,"k":[100,100,100],"ix":6}},"ao":0,"shapes":[{"d":1,"ty":"el","s":{"a":0,"k":[1796,1796],"ix":2},"p":{"a":0,"k":[0,0],"ix":3},"nm":"Ellipse Path 1","mn":"ADBE Vector Shape - Ellipse","hd":false},{"ty":"tm","s":{"a":1,"k":[{"i":{"x":[0.099],"y":[1]},"o":{"x":[0.333],"y":[0]},"t":37.963,"s":[50]},{"t":74,"s":[0]}],"ix":1},"e":{"a":1,"k":[{"i":{"x":[0.099],"y":[1]},"o":{"x":[0.333],"y":[0]},"t":37.963,"s":[50]},{"t":74,"s":[100]}],"ix":2},"o":{"a":0,"k":0,"ix":3},"m":1,"ix":2,"nm":"Trim Paths 1","mn":"ADBE Vector Filter - Trim","hd":false},{"ty":"tm","s":{"a":1,"k":[{"i":{"x":[0.118],"y":[1]},"o":{"x":[0.333],"y":[0]},"t":74,"s":[100]},{"t":118,"s":[50]}],"ix":1},"e":{"a":1,"k":[{"i":{"x":[0.118],"y":[1]},"o":{"x":[0.333],"y":[0]},"t":74,"s":[0]},{"t":118,"s":[50]}],"ix":2},"o":{"a":0,"k":180,"ix":3},"m":1,"ix":3,"nm":"Trim Paths 2","mn":"ADBE Vector Filter - Trim","hd":false},{"ty":"st","c":{"a":0,"k":[0.264683682311,0.240621559293,0.637647082759,1],"ix":3},"o":{"a":0,"k":100,"ix":4},"w":{"a":1,"k":[{"i":{"x":[0.833],"y":[0.833]},"o":{"x":[0.167],"y":[0.167]},"t":108,"s":[103]},{"t":118,"s":[0]}],"ix":5},"lc":2,"lj":1,"ml":4,"bm":0,"nm":"Stroke 1","mn":"ADBE Vector Graphic - Stroke","hd":false}],"ip":0,"op":1801.8018018018,"st":0,"bm":0},{"ddd":0,"ind":3,"ty":4,"nm":"drop","sr":1,"ks":{"o":{"a":1,"k":[{"t":0,"s":[100],"h":1},{"t":47.975,"s":[0],"h":1},{"t":97,"s":[100],"h":1}],"ix":11},"r":{"a":0,"k":0,"ix":10},"p":{"a":1,"k":[{"i":{"x":1,"y":1},"o":{"x":0.739,"y":0.065},"t":0,"s":[959.074,80.366,0],"to":[0,299.333,0],"ti":[0,-299.333,0]},{"i":{"x":0.887,"y":0.887},"o":{"x":0.167,"y":0.167},"t":39.967,"s":[959.074,1876.366,0],"to":[0,0,0],"ti":[0,0,0]},{"i":{"x":0.667,"y":1},"o":{"x":0.167,"y":0},"t":71.998,"s":[959.074,1876.366,0],"to":[0,-299.333,0],"ti":[0,299.333,0]},{"t":74,"s":[959.074,80.366,0]}],"ix":2},"a":{"a":0,"k":[0,0,0],"ix":1},"s":{"a":1,"k":[{"i":{"x":[0.833,0.833,0.833],"y":[0.833,0.833,0.833]},"o":{"x":[0.167,0.167,0.167],"y":[0.167,0.167,0.167]},"t":101,"s":[11.5,11.5,100]},{"i":{"x":[0.833,0.833,0.833],"y":[0.833,0.833,0.833]},"o":{"x":[0.167,0.167,0.167],"y":[0.167,0.167,0.167]},"t":102,"s":[0,0,100]},{"t":118,"s":[11.5,11.5,100]}],"ix":6}},"ao":0,"shapes":[{"ty":"gr","it":[{"ind":0,"ty":"sh","ix":1,"ks":{"a":0,"k":{"i":[[0,0],[-526.61,0]],"o":[[0,0],[526.61,0]],"v":[[-1.635,-606.746],[11.448,296.014]],"c":true},"ix":2},"nm":"Path 1","mn":"ADBE Vector Shape - Group","hd":false},{"ty":"st","c":{"a":0,"k":[0.086274509804,0.078431372549,0.207843137255,1],"ix":3},"o":{"a":0,"k":100,"ix":4},"w":{"a":0,"k":3,"ix":5},"lc":1,"lj":1,"ml":4,"bm":0,"nm":"Stroke 1","mn":"ADBE Vector Graphic - Stroke","hd":false},{"ty":"fl","c":{"a":0,"k":[0.262745098039,0.239215686275,0.639215686275,1],"ix":4},"o":{"a":0,"k":100,"ix":5},"r":1,"bm":0,"nm":"Fill 1","mn":"ADBE Vector Graphic - Fill","hd":false},{"ty":"tr","p":{"a":0,"k":[0,0],"ix":2},"a":{"a":0,"k":[0,0],"ix":1},"s":{"a":0,"k":[100,100],"ix":3},"r":{"a":0,"k":0,"ix":6},"o":{"a":0,"k":100,"ix":7},"sk":{"a":0,"k":0,"ix":4},"sa":{"a":0,"k":0,"ix":5},"nm":"Transform"}],"nm":"Shape 1","np":3,"cix":2,"bm":0,"ix":1,"mn":"ADBE Vector Group","hd":false}],"ip":0,"op":1801.8018018018,"st":0,"bm":0}],"markers":[]}